"0","library(ggimage)"
"0","require(magick)"
"0",""
"0",""
"0","main_plot <- plot1 + plot2"
"0",""
"0","final <- main_plot + "
"0","  labs(title = ""Makeup - The naked truth"","
"0","       subtitle = ""combination for naming their shades"","
"0","       caption = ""#30DayChartChallenge -Day1\nRemake of TidyTuesday W14 - The Pudding - Viz - @fgazzelloni"") + "
"0","  scale_fill_manual(values = palette,"
"0","                    guide = guide_legend(title = NULL)) + "
"0","  theme_void(base_family = ""cedarville"") + "
"0","  theme(plot.background = element_rect(fill = ""#FCEBDA"",color = NA),"
"0","        strip.text.x = element_text(color = NA),"
"0","        axis.text.x = element_text(size = 20, vjust = 2),"
"0","        panel.grid.major = element_line(size = 0.03, linetype = 'solid',colour = ""black""),"
"0","        plot.margin = margin(10, 10, 5, 10),"
"0","        plot.title = element_text(size = 56,hjust = 0.5, margin = margin(t = 5, b = 10)),"
"0","        plot.subtitle = element_text(size = 40,hjust = 0.5),"
"0","        plot.caption = element_text(hjust = 0.5, size = 26))"
