"0","library(viridis)  # For distinct color scales"
"2","Loading required package: viridisLite
"
"0","# Ensure your year column is a factor"
"0","data_coords %>%"
"0","  mutate(year = as.factor(year)) %>%"
"0","  ggplot() +"
"0","  geom_sf(aes(fill = phones)) +"
"0","  scale_fill_viridis_c(name = ""Phones"", "
"0","                       option = ""magma"") + "
"0","  labs(title = ""The World's Telephones\nNumber of telephones (in thousands)\nYear: {closest_state}"","
"0","       caption = ""Data: WorldPhones {datasets} & RNaturalHearth\n#30DayMapChallenge Day12 | @fgazzelloni"") +"
"0"," ggthemes::theme_map() +"
"0","  theme(plot.title = element_text(size = 20, "
"0","                                  face = ""bold"", "
"0","                                  hjust = 0.5),"
"0","       plot.subtitle = element_text(size = 14, "
"0","                                    hjust = 0.5),"
"0","       plot.caption = element_text(size = 10, "
"0","                                    hjust = 0.5),"
"0","       legend.position = ""right"","
"0","       legend.title = element_text(size = 12),"
"0","       legend.text = element_text(size = 10)"
"0","  ) +"
"0","  transition_states(year, "
"0","                    transition_length = 1, "
"0","                    state_length = 1) +  "
"0","  ease_aes('linear')"
"2","Error: object 'data_coords' not found
"
