"0","library(ggfx)"
"0","library(gridExtra)"
"0",""
"0",""
"0","plot1<-make_up_for_plot%>%"
"0","  ggplot(aes(brand,lightness,col=hex)) + "
"0","  with_blur("
"0","    geom_boxplot(size=5,show.legend = FALSE)) + "
"0","  geom_jitter(width = 0.15,height = 0.0,size = 1) + "
"0","  scale_colour_identity() + "
"0","  coord_polar() + "
"0","  labs(title = ""Shades of makeup from The Pudding"","
"0","       subtitle = ""All collected from the US versions of Sephora and Ulta’s websites"","
"0","       caption = ""107 brands, 328 products, 317 names and 17 categories"","
"0","       tag = ""The Pudding"","
"0","       x = ""Lightness"","
"0","       y = ""Brands)"","
"0","       colour = ""white"")+"
"0","  theme_void(base_family = ""cedarville"") + "
"0","  theme(plot.background = element_rect(fill = ""black"",color=""black""),"
"0","        axis.text.x = element_text(size = 30, vjust = 2,color=""white""),"
"0","        plot.title = element_text(size = 56,hjust = 0.5,color=""white""),"
"0","        plot.subtitle = element_text(size = 46,hjust = 0.5,color=""white""),"
"0","        plot.caption = element_text(size = 36,hjust = 0.5, "
"0","                                    margin = margin(t = 5, b = 10),color=""white""),"
"0","        plot.tag = element_text()"
"0","        )"
"0","          "
"0",""
"0","plot2<-make_up_for_plot%>%"
"0","  ggplot(aes(brand,lightness,col=hex)) + "
"0","  with_blur("
"0","    geom_point(show.legend = FALSE)) + "
"0","  geom_jitter(width = 0.15,height = 0.0,size = 2) + "
"0","  scale_colour_identity() +"
"0","  coord_polar(direction=1) +"
"0","  theme_void() + "
"0","  theme(plot.background = element_rect(fill = ""black"")) + "
"0","  facet_wrap(vars(brand))"
