"0","N.Amer <- ne_countries(continent = ""North America"", "
"0","                       returnclass = ""sf"")%>%"
"0","  select(geometry)%>%"
"0","  mutate(continent=""N.Amer"")"
"0","Europe <- ne_countries(continent = ""Europe"", "
"0","                       returnclass = ""sf"") %>%"
"0","  select(geometry)%>%"
"0","  mutate(continent=""Europe"")"
"0","Asia <- ne_countries(continent = ""Asia"", "
"0","                     returnclass = ""sf"") %>%"
"0","  select(geometry)%>%"
"0","  mutate(continent=""Asia"")"
"0","S.Amer <- ne_countries(continent = ""South America"", "
"0","                       returnclass = ""sf"") %>%"
"0","  select(geometry)%>%"
"0","  mutate(continent=""S.Amer"")"
"0","Oceania <- ne_countries(continent = ""Oceania"", "
"0","                        returnclass = ""sf"") %>%"
"0","  select(geometry)%>%"
"0","  mutate(continent=""Oceania"")"
"0","Africa <- ne_countries(continent = ""Africa"", "
"0","                       returnclass = ""sf"") %>%"
"0","  select(geometry)%>%"
"0","  mutate(continent=""Africa"")"
