"0","sephora_sub<-sephora%>%"
"0","  mutate(shop=rep(""sephora"",length(brand)),"
"0","         brand=tolower(brand),"
"0","         product=tolower(product),"
"0","         name=tolower(name))%>%"
"0","  select(brand,product,name)"
"0",""
"0","ulta_sub<-ulta%>%"
"0","  mutate(shop=rep(""ulta"",length(brand)),"
"0","         brand=tolower(brand),"
"0","         product=tolower(product),"
"0","         name=tolower(name))%>%"
"0","  select(brand,product,name)"
"0",""
"0",""
"0","shops<-rbind(sephora_sub,ulta_sub)"
