"0","# Load the library"
"0","library(tidyverse)"
"0","library(geojsonio)"
"0","library(sf)"
"0","# Set the fonts"
"0","library(showtext)"
"0","library(sysfonts)"
"0","library(extrafont)"
"0","showtext::showtext_auto()"
"0","showtext::showtext_opts(dpi=320)"
"0","font_add_google(name=""Island Moments"","
"0","                family=""Island Moments"")"
"0",""
"0",""
"0",""
"0","us_covid <- read_csv(""~/Documents/R/R_general_resources/EDA_and_maps/30DayMapChallenge/2022/day14_hexagons/covid_cases_by_County.csv"")"
"0",""
"0",""
"0","covid_data <- us_covid%>%"
"0","  select(county,"
"0","         county_fips,"
"0","         state,"
"0","         county_population,"
"0","         covid_cases_per_100k) %>%"
"0","  distinct()"
