"0","my_companies <- sort(c(""shiseido"",""maybelline"","
"0","                       ""mac"",""lancôme"",""l'oréal"","
"0","                       ""guerlain"",""estée lauder"","
"0","                       ""clinique"",""benefit cosmetics""), "
"0","                     decreasing = TRUE)"
"0",""
"0","make_up_for_plot <- make_up_sub %>%"
"0","  filter(brand %in% my_companies) %>%"
"0","  select(brand, name,hex, hue,sat,lightness) %>%"
"0","  mutate(brand=as.factor(brand)) %>%"
"0","  group_by(brand) %>%"
"0","  mutate(mean_lightness = mean(lightness)) %>%"
"0","  ungroup() %>%"
"0","  mutate(brand = fct_reorder(brand, mean_lightness))"
