"0","# source: https://walker-data.com/tidycensus/reference/get_decennial.html"
"0","library(tidycensus)"
"0","options(tigris_use_cache = TRUE)"
"0",""
"0",""
"0","# tarr <- get_acs(geography = ""county"","
"0","#                 variables = ""B19013_001"","
"0","#                 geometry = TRUE, "
"0","#                 year = 2020)"
"0","# "
"0","# save(tarr,file=""data/tarr.RData"")"
"0","load(""~/Documents/R/R_general_resources/EDA_and_maps/30DayMapChallenge/2022/day14_hexagons/data/tarr.RData"")"
"0",""
"0","# tarr%>%count(NAME)"
"0",""
"0","tarr2 <- tarr%>%"
"0","  separate(NAME,into=c(""county"",""name""),remove=F,sep="","")"
"0",""
"0",""
"0","coords <- tarr2%>%"
"0","  st_centroid() %>%"
"0","  st_coordinates() "
"0",""
"0","# check the dimensions"
"0","# tarr2%>%dim"
"0","# coords%>%dim"
"0","# covid_data%>%dim"
"0",""
"0","full <- cbind(tarr2,coords)"
"0",""
"0","df <- covid_data%>%"
"0","  left_join(full,by=c(""county""=""county"")) %>%"
"0","  distinct()%>%"
"0","  mutate(county=as.factor(county))"
"0",""
"0","df2 <- covid_data%>%"
"0","  left_join(tarr2,by=c(""county""=""county"")) %>%"
"0","  distinct()"
"0",""
"0",""
"0","df3 <- df2%>%"
"0","  st_as_sf()"
"0",""
"0",""
"0","# df%>%DataExplorer::profile_missing()"
"0","# A tibble: 12 × 3"
"0","# feature              num_missing pct_missing"
"0","# <fct>                      <int>       <dbl>"
"0","#   1 county                         0  0         "
"0","# 2 county_fips                    0  0         "
"0","# 3 state                          0  0         "
"0","# 4 county_population              1  0.00000180"
"0","# 5 covid_cases_per_100k           0  0         "
"0","# 6 GEOID                       4911  0.00884   "
"0","# 7 NAME                        4911  0.00884   "
"0","# 8 name                        4911  0.00884   "
"0","# 9 variable                    4911  0.00884   "
"0","# 10 estimate                    4987  0.00898   "
"0","# 11 moe                         4987  0.00898   "
"0","# 12 geometry                       0  0"
