"0","ggplot()+"
"0","# geom_point(data= df, aes(X,Y),inherit.aes = F)+"
"0","  stat_summary_hex(data= df, aes(x=X,y=Y,z=covid_cases_per_100k),"
"0","           linewidth=0.01,"
"0","           inherit.aes = F)+"
"0","    geom_sf(data=tarr2,aes(geometry=geometry),"
"0","            fill=NA,"
"0","            linewidth=0.05)+"
"0","   coord_sf(xlim = c(-125,-68),ylim = c(20,50))+"
"0","    scale_fill_viridis_c(option = ""H"")+"
"0","    labs(title=""United States of America"","
"0","         subtitle = ""Covid Cases per 100k"","
"0","         fill=""Value"","
"0","         caption=""#30DayMapChallenge 2022 Day 14: Hexagons\nDataSource: CDC Covid data & Census data from {tidycensus}\nMap: Federica Gazzelloni (@fgazzelloni)"")+"
"0","    ggthemes::theme_map()+"
"0","    theme(plot.caption = element_text(lineheight = 1.5,size=5),"
"0","          plot.title = element_text(size=14),"
"0","          legend.background = element_blank())"
