"0","WorldPhones"
"1","    "
"1"," N.Amer"
"1"," Europe"
"1"," Asia"
"1"," S.Amer"
"1"," Oceania"
"1"," Africa"
"1","
1951"
"1","  45939"
"1","  21574"
"1"," 2876"
"1","   1815"
"1","    1646"
"1","     89"
"1","
1956"
"1","  60423"
"1","  29990"
"1"," 4708"
"1","   2568"
"1","    2366"
"1","   1411"
"1","
1957"
"1","  64721"
"1","  32510"
"1"," 5230"
"1","   2695"
"1","    2526"
"1","   1546"
"1","
1958"
"1","  68484"
"1","  35218"
"1"," 6662"
"1","   2845"
"1","    2691"
"1","   1663"
"1","
1959"
"1","  71799"
"1","  37598"
"1"," 6856"
"1","   3000"
"1","    2868"
"1","   1769"
"1","
1960"
"1","  76036"
"1","  40341"
"1"," 8220"
"1","   3145"
"1","    3054"
"1","   1905"
"1","
1961"
"1","  79831"
"1","  43173"
"1"," 9053"
"1","   3338"
"1","    3224"
"1","   2005"
"1","
"
"1","    "
"1"," Mid.Amer"
"1","
1951"
"1","      555"
"1","
1956"
"1","      733"
"1","
1957"
"1","      773"
"1","
1958"
"1","      836"
"1","
1959"
"1","      911"
"1","
1960"
"1","     1008"
"1","
1961"
"1","     1076"
"1","
"
